classifier,balanced_accuracy,macro_precision,macro_recall,macro_f1,auroc,pr_auc,sensitivity,specificity,mcc,brier,cohen_kappa,precision_HC,precision_PD,recall_HC,recall_PD,f1_HC,f1_PD
mSVM-RBF,0.6725490196078432,0.7573099415204678,0.6725490196078432,0.6809954751131222,0.8333333333333333,0.9193099779671489,0.9333333333333333,0.4117647058823529,0.4214194022334908,0.17491241788335296,0.38427947598253276,0.7777777777777778,0.7368421052631579,0.4117647058823529,0.9333333333333333,0.5384615384615384,0.8235294117647058
mSVM-Linear,0.6813725490196079,0.7002164502164503,0.6813725490196079,0.6871479774705581,0.8098039215686275,0.8978388045500484,0.8333333333333334,0.5294117647058824,0.38112343371361984,0.18843164700835463,0.37716615698267064,0.6428571428571429,0.7575757575757576,0.5294117647058824,0.8333333333333334,0.5806451612903226,0.7936507936507936
mSVM-RFE,0.7950980392156863,0.7756410256410255,0.7950980392156863,0.7791353383458646,0.8372549019607843,0.9217881849184851,0.7666666666666667,0.8235294117647058,0.5704073147990562,0.1632654940833002,0.5615671641791045,0.6666666666666666,0.8846153846153846,0.8235294117647058,0.7666666666666667,0.7368421052631579,0.8214285714285714
kNN,0.6225490196078431,0.6488095238095238,0.6225490196078431,0.6259946949602122,0.7117647058823529,0.7766289061852314,0.8333333333333334,0.4117647058823529,0.27008488481340187,0.24349881796690304,0.26178010471204183,0.5833333333333334,0.7142857142857143,0.4117647058823529,0.8333333333333334,0.4827586206896552,0.7692307692307693
GaussianNB,0.6901960784313725,0.6823308270676691,0.6901960784313725,0.6848659003831418,0.7333333333333334,0.8342848911886495,0.7333333333333333,0.6470588235294118,0.37244386575922783,0.24057653261223869,0.3709369024856597,0.5789473684210527,0.7857142857142857,0.6470588235294118,0.7333333333333333,0.6111111111111112,0.7586206896551724
ElasticNet,0.7362745098039216,0.7265037593984962,0.7362745098039216,0.7298850574712643,0.8431372549019608,0.9160134951426648,0.7666666666666667,0.7058823529411765,0.46267511158749436,0.16071151778535595,0.4608030592734226,0.631578947368421,0.8214285714285714,0.7058823529411765,0.7666666666666667,0.6666666666666666,0.7931034482758621
