classifier,balanced_accuracy,macro_precision,macro_recall,macro_f1,auroc,pr_auc,sensitivity,specificity,mcc,brier,cohen_kappa,precision_LS,precision_ES,recall_LS,recall_ES,f1_LS,f1_ES
mSVM-RBF,0.717105263,0.70625,0.717105263,0.704761905,0.754385965,0.854767488,0.684210526,0.75,0.42321607,0.206101503,0.41509434,0.6,0.8125,0.75,0.684210526,0.666666667,0.742857143
mSVM-Linear,0.717105263,0.70625,0.717105263,0.704761905,0.76754386,0.871019741,0.684210526,0.75,0.42321607,0.203116545,0.41509434,0.6,0.8125,0.75,0.684210526,0.666666667,0.742857143
mSVM-RFE,0.769736842,0.762820513,0.769736842,0.765405405,0.75877193,0.835986785,0.789473684,0.75,0.532512442,0.197009999,0.531317495,0.692307692,0.833333333,0.75,0.789473684,0.72,0.810810811
kNN,0.701754386,0.696581197,0.701754386,0.698378378,0.774122807,0.851309464,0.736842105,0.666666667,0.398301989,0.196129032,0.397408207,0.615384615,0.777777778,0.666666667,0.736842105,0.64,0.756756757
GaussianNB,0.717105263,0.70625,0.717105263,0.704761905,0.763157895,0.877092295,0.684210526,0.75,0.42321607,0.274333513,0.41509434,0.6,0.8125,0.75,0.684210526,0.666666667,0.742857143
ElasticNet,0.717105263,0.70625,0.717105263,0.704761905,0.75,0.862286285,0.684210526,0.75,0.42321607,0.209608262,0.41509434,0.6,0.8125,0.75,0.684210526,0.666666667,0.742857143
